[
    {
        "actionName": "Action",
        "steps": [
            {
                "stepId": "STEP38",
                "stepName": "Url: welcome.pl",
                "infFile": "t2.inf",
                "time": 1673547574577
            },
            {
                "stepId": "STEP39",
                "stepName": "Submit Data: login.pl",
                "infFile": "t3.inf",
                "time": 1673547575122
            },
            {
                "stepId": "STEP40",
                "stepName": "Url: Search Flights Button",
                "infFile": "t4.inf",
                "time": 1673547575630
            },
            {
                "stepId": "STEP41",
                "stepName": "Submit Data: reservations.pl",
                "infFile": "t5.inf",
                "time": 1673547575964
            },
            {
                "stepId": "STEP42",
                "stepName": "Submit Data: reservations.pl_2",
                "infFile": "t6.inf",
                "time": 1673547576277
            },
            {
                "stepId": "STEP43",
                "stepName": "Submit Data: reservations.pl_3",
                "infFile": "t7.inf",
                "time": 1673547576618
            },
            {
                "stepId": "STEP44",
                "stepName": "Url: Itinerary Button",
                "infFile": "t8.inf",
                "time": 1673547577253
            }
        ],
        "transactions": [
            {
                "transactionName": "open_site",
                "rawStartTime": 1673547574057,
                "rawEndTime": 1673547574587,
                "thinkTime": 0.0,
                "wastedTime": 0.04728198051452637
            },
            {
                "transactionName": "login",
                "rawStartTime": 1673547574603,
                "rawEndTime": 1673547575136,
                "thinkTime": 0.0,
                "wastedTime": 0.04413485527038574
            },
            {
                "transactionName": "choose_ticket",
                "rawStartTime": 1673547575152,
                "rawEndTime": 1673547575979,
                "thinkTime": 0.0,
                "wastedTime": 0.08446240425109863
            },
            {
                "transactionName": "choose_time_of_flight",
                "rawStartTime": 1673547576011,
                "rawEndTime": 1673547576292,
                "thinkTime": 0.0,
                "wastedTime": 0.03711342811584473
            },
            {
                "transactionName": "payment",
                "rawStartTime": 1673547576324,
                "rawEndTime": 1673547576620,
                "thinkTime": 0.0,
                "wastedTime": 0.03924202919006348
            },
            {
                "transactionName": "itinerary",
                "rawStartTime": 1673547576651,
                "rawEndTime": 1673547577261,
                "thinkTime": 0.0,
                "wastedTime": 0.04322528839111328
            },
            {
                "transactionName": "UC5_Itinerary",
                "rawStartTime": 1673547574041,
                "rawEndTime": 1673547577276,
                "thinkTime": 0.0,
                "wastedTime": 0.2954599857330322
            }
        ]
    }
]