[
    {
        "actionName": "Action",
        "steps": [
            {
                "stepId": "STEP45",
                "stepName": "Url: welcome.pl",
                "infFile": "t2.inf",
                "time": 1673547577855
            },
            {
                "stepId": "STEP46",
                "stepName": "Submit Data: login.pl",
                "infFile": "t3.inf",
                "time": 1673547578390
            },
            {
                "stepId": "STEP47",
                "stepName": "Url: Search Flights Button",
                "infFile": "t4.inf",
                "time": 1673547578878
            },
            {
                "stepId": "STEP48",
                "stepName": "Submit Data: reservations.pl",
                "infFile": "t5.inf",
                "time": 1673547579217
            },
            {
                "stepId": "STEP49",
                "stepName": "Submit Data: reservations.pl_2",
                "infFile": "t6.inf",
                "time": 1673547579537
            },
            {
                "stepId": "STEP50",
                "stepName": "Submit Data: reservations.pl_3",
                "infFile": "t7.inf",
                "time": 1673547579899
            },
            {
                "stepId": "STEP51",
                "stepName": "Url: Itinerary Button",
                "infFile": "t8.inf",
                "time": 1673547580774
            }
        ],
        "transactions": [
            {
                "transactionName": "open_site",
                "rawStartTime": 1673547577340,
                "rawEndTime": 1673547577870,
                "thinkTime": 0.0,
                "wastedTime": 0.04598808288574219
            },
            {
                "transactionName": "login",
                "rawStartTime": 1673547577887,
                "rawEndTime": 1673547578397,
                "thinkTime": 0.0,
                "wastedTime": 0.04604792594909668
            },
            {
                "transactionName": "choose_ticket",
                "rawStartTime": 1673547578413,
                "rawEndTime": 1673547579225,
                "thinkTime": 0.0,
                "wastedTime": 0.0917668342590332
            },
            {
                "transactionName": "choose_time_of_flight",
                "rawStartTime": 1673547579257,
                "rawEndTime": 1673547579554,
                "thinkTime": 0.0,
                "wastedTime": 0.046135663986206058
            },
            {
                "transactionName": "payment",
                "rawStartTime": 1673547579585,
                "rawEndTime": 1673547579914,
                "thinkTime": 0.0,
                "wastedTime": 0.04840970039367676
            },
            {
                "transactionName": "itinerary",
                "rawStartTime": 1673547579946,
                "rawEndTime": 1673547580789,
                "thinkTime": 0.0,
                "wastedTime": 0.059624433517456058
            },
            {
                "transactionName": "UC5_Itinerary",
                "rawStartTime": 1673547577324,
                "rawEndTime": 1673547580804,
                "thinkTime": 0.0,
                "wastedTime": 0.33797264099121096
            }
        ]
    }
]