[
    {
        "actionName": "Action",
        "steps": [
            {
                "stepId": "STEP11",
                "stepName": "Url: welcome.pl",
                "infFile": "t2.inf",
                "time": 1673547558550
            },
            {
                "stepId": "STEP12",
                "stepName": "Submit Data: login.pl",
                "infFile": "t3.inf",
                "time": 1673547559068
            },
            {
                "stepId": "STEP13",
                "stepName": "Url: Search Flights Button",
                "infFile": "t4.inf",
                "time": 1673547559570
            },
            {
                "stepId": "STEP14",
                "stepName": "Submit Data: reservations.pl",
                "infFile": "t5.inf",
                "time": 1673547559887
            },
            {
                "stepId": "STEP15",
                "stepName": "Submit Data: reservations.pl_2",
                "infFile": "t6.inf",
                "time": 1673547560183
            },
            {
                "stepId": "STEP16",
                "stepName": "Submit Data: reservations.pl_3",
                "infFile": "t7.inf",
                "time": 1673547563569
            }
        ],
        "transactions": [
            {
                "transactionName": "open_site",
                "rawStartTime": 1673547558045,
                "rawEndTime": 1673547558560,
                "thinkTime": 0.0,
                "wastedTime": 0.026916980743408204
            },
            {
                "transactionName": "login",
                "rawStartTime": 1673547558576,
                "rawEndTime": 1673547559075,
                "thinkTime": 0.0,
                "wastedTime": 0.02560567855834961
            },
            {
                "transactionName": "choose_ticket",
                "rawStartTime": 1673547559091,
                "rawEndTime": 1673547559898,
                "thinkTime": 0.0,
                "wastedTime": 0.041288137435913089
            },
            {
                "transactionName": "choose_time_of_flight",
                "rawStartTime": 1673547559930,
                "rawEndTime": 1673547560195,
                "thinkTime": 0.0,
                "wastedTime": 0.01884770393371582
            },
            {
                "transactionName": "payment",
                "rawStartTime": 1673547560227,
                "rawEndTime": 1673547563574,
                "thinkTime": 0.0,
                "wastedTime": 0.02098822593688965
            },
            {
                "transactionName": "UC5_Itinerary",
                "rawStartTime": 1673547558029,
                "rawEndTime": 1673547563574,
                "thinkTime": 0.0,
                "wastedTime": 0.13364672660827638
            }
        ]
    }
]