[
    {
        "actionName": "Action",
        "steps": [
            {
                "stepId": "STEP4",
                "stepName": "Url: welcome.pl",
                "infFile": "t2.inf",
                "time": 1673547555310
            },
            {
                "stepId": "STEP5",
                "stepName": "Submit Data: login.pl",
                "infFile": "t3.inf",
                "time": 1673547555815
            },
            {
                "stepId": "STEP6",
                "stepName": "Url: Search Flights Button",
                "infFile": "t4.inf",
                "time": 1673547556273
            },
            {
                "stepId": "STEP7",
                "stepName": "Submit Data: reservations.pl",
                "infFile": "t5.inf",
                "time": 1673547556584
            },
            {
                "stepId": "STEP8",
                "stepName": "Submit Data: reservations.pl_2",
                "infFile": "t6.inf",
                "time": 1673547556990
            },
            {
                "stepId": "STEP9",
                "stepName": "Submit Data: reservations.pl_3",
                "infFile": "t7.inf",
                "time": 1673547557308
            },
            {
                "stepId": "STEP10",
                "stepName": "Url: Itinerary Button",
                "infFile": "t8.inf",
                "time": 1673547557962
            }
        ],
        "transactions": [
            {
                "transactionName": "open_site",
                "rawStartTime": 1673547554798,
                "rawEndTime": 1673547555313,
                "thinkTime": 0.0,
                "wastedTime": 0.024955034255981447
            },
            {
                "transactionName": "login",
                "rawStartTime": 1673547555329,
                "rawEndTime": 1673547555831,
                "thinkTime": 0.0,
                "wastedTime": 0.024068593978881837
            },
            {
                "transactionName": "choose_ticket",
                "rawStartTime": 1673547555847,
                "rawEndTime": 1673547556597,
                "thinkTime": 0.0,
                "wastedTime": 0.031952619552612308
            },
            {
                "transactionName": "choose_time_of_flight",
                "rawStartTime": 1673547556722,
                "rawEndTime": 1673547557003,
                "thinkTime": 0.0,
                "wastedTime": 0.013987541198730469
            },
            {
                "transactionName": "payment",
                "rawStartTime": 1673547557034,
                "rawEndTime": 1673547557315,
                "thinkTime": 0.0,
                "wastedTime": 0.014822006225585938
            },
            {
                "transactionName": "itinerary",
                "rawStartTime": 1673547557347,
                "rawEndTime": 1673547557966,
                "thinkTime": 0.0,
                "wastedTime": 0.019799232482910157
            },
            {
                "transactionName": "UC5_Itinerary",
                "rawStartTime": 1673547554782,
                "rawEndTime": 1673547557982,
                "thinkTime": 0.0,
                "wastedTime": 0.12958502769470216
            }
        ]
    }
]