[
    {
        "actionName": "Action",
        "steps": [
            {
                "stepId": "STEP31",
                "stepName": "Url: welcome.pl",
                "infFile": "t2.inf",
                "time": 1673547571046
            },
            {
                "stepId": "STEP32",
                "stepName": "Submit Data: login.pl",
                "infFile": "t3.inf",
                "time": 1673547571561
            },
            {
                "stepId": "STEP33",
                "stepName": "Url: Search Flights Button",
                "infFile": "t4.inf",
                "time": 1673547572073
            },
            {
                "stepId": "STEP34",
                "stepName": "Submit Data: reservations.pl",
                "infFile": "t5.inf",
                "time": 1673547572408
            },
            {
                "stepId": "STEP35",
                "stepName": "Submit Data: reservations.pl_2",
                "infFile": "t6.inf",
                "time": 1673547572718
            },
            {
                "stepId": "STEP36",
                "stepName": "Submit Data: reservations.pl_3",
                "infFile": "t7.inf",
                "time": 1673547573045
            },
            {
                "stepId": "STEP37",
                "stepName": "Url: Itinerary Button",
                "infFile": "t8.inf",
                "time": 1673547573968
            }
        ],
        "transactions": [
            {
                "transactionName": "open_site",
                "rawStartTime": 1673547570527,
                "rawEndTime": 1673547571058,
                "thinkTime": 0.0,
                "wastedTime": 0.04185843467712402
            },
            {
                "transactionName": "login",
                "rawStartTime": 1673547571074,
                "rawEndTime": 1673547571573,
                "thinkTime": 0.0,
                "wastedTime": 0.04138898849487305
            },
            {
                "transactionName": "choose_ticket",
                "rawStartTime": 1673547571590,
                "rawEndTime": 1673547572416,
                "thinkTime": 0.0,
                "wastedTime": 0.06730389595031738
            },
            {
                "transactionName": "choose_time_of_flight",
                "rawStartTime": 1673547572448,
                "rawEndTime": 1673547572729,
                "thinkTime": 0.0,
                "wastedTime": 0.031586408615112308
            },
            {
                "transactionName": "payment",
                "rawStartTime": 1673547572760,
                "rawEndTime": 1673547573055,
                "thinkTime": 0.0,
                "wastedTime": 0.03130340576171875
            },
            {
                "transactionName": "itinerary",
                "rawStartTime": 1673547573087,
                "rawEndTime": 1673547573978,
                "thinkTime": 0.0,
                "wastedTime": 0.04479217529296875
            },
            {
                "transactionName": "UC5_Itinerary",
                "rawStartTime": 1673547570511,
                "rawEndTime": 1673547573994,
                "thinkTime": 0.0,
                "wastedTime": 0.25823330879211428
            }
        ]
    }
]