{
  "FilterHeaders": [
    {
      "Header": "user-agent",
      "IncludeInScript": false
    },
    {
      "Header": "upgrade-insecure-requests",
      "IncludeInScript": true
    },
    {
      "Header": "sec-fetch-user",
      "IncludeInScript": true
    },
    {
      "Header": "sec-fetch-site",
      "IncludeInScript": true
    },
    {
      "Header": "sec-fetch-mode",
      "IncludeInScript": true
    },
    {
      "Header": "sec-fetch-dest",
      "IncludeInScript": true
    },
    {
      "Header": "sec-ch-ua-platform",
      "IncludeInScript": true
    },
    {
      "Header": "sec-ch-ua-mobile",
      "IncludeInScript": true
    },
    {
      "Header": "sec-ch-ua",
      "IncludeInScript": true
    },
    {
      "Header": "origin",
      "IncludeInScript": true
    },
    {
      "Header": "cache-control",
      "IncludeInScript": false
    },
    {
      "Header": "accept-language",
      "IncludeInScript": false
    },
    {
      "Header": "accept-encoding",
      "IncludeInScript": false
    },
    {
      "Header": "accept",
      "IncludeInScript": false
    }
  ],
  "FilterResources": [
    {
      "IsNonResource": true,
      "type": "text/html"
    }
  ],
  "GeneralInfo": {
    "BrowserVersion": "",
    "IsWinInetMode": false,
    "MaxUsedConnections": 4,
    "RecordedBrowser": "Chrome",
    "RecordingDate": "СЏРЅРІ-07-2023",
    "RecordingDuration": 219766,
    "RecordingMode": "N/A",
    "RecordingTimeStamp": 1673108289,
    "RecordingType": "Browser",
    "TotalBytesReceived": 7434,
    "TotalBytesSent": 6624,
    "TotalRequests": 8,
    "UserAgent": "Mozilla/5.0 (Windows NT 10.0; Win64; x64) AppleWebKit/537.36 (KHTML, like Gecko) Chrome/108.0.0.0 Safari/537.36"
  },
  "HostInfo": [
    {
      "DomainName": "localhost",
      "Domains": [
        {
          "HTTPVersion": "HTTP/1.1",
          "IP": "[::1]",
          "IncludeInScript": true,
          "Name": "localhost",
          "Port": 1080,
          "Requests": [
            {
              "CompressionType": "",
              "DataType": "text/html",
              "DownloadTime": 156,
              "EventId": 147,
              "HttpStatus": 200,
              "Size": 1484,
              "URL": "http://localhost:1080/cgi-bin/nav.pl?in=home"
            },
            {
              "CompressionType": "",
              "DataType": "text/html",
              "DownloadTime": 125,
              "EventId": 144,
              "HttpStatus": 200,
              "Size": 686,
              "URL": "http://localhost:1080/cgi-bin/welcome.pl?signOff=1"
            },
            {
              "CompressionType": "",
              "DataType": "text/html",
              "DownloadTime": 156,
              "EventId": 136,
              "HttpStatus": 200,
              "Size": 918,
              "URL": "http://localhost:1080/cgi-bin/login.pl?intro=true"
            },
            {
              "CompressionType": "",
              "DataType": "text/html",
              "DownloadTime": 140,
              "EventId": 133,
              "HttpStatus": 200,
              "Size": 1482,
              "URL": "http://localhost:1080/cgi-bin/nav.pl?page=menu&in=home"
            },
            {
              "CompressionType": "",
              "DataType": "text/html",
              "DownloadTime": 328,
              "EventId": 126,
              "HttpStatus": 200,
              "Size": 481,
              "URL": "http://localhost:1080/cgi-bin/login.pl"
            },
            {
              "CompressionType": "",
              "DataType": "text/html",
              "DownloadTime": 62,
              "EventId": 100,
              "HttpStatus": 404,
              "Size": 209,
              "URL": "http://localhost:1080/favicon.ico"
            },
            {
              "CompressionType": "",
              "DataType": "text/html",
              "DownloadTime": 484,
              "EventId": 97,
              "HttpStatus": 200,
              "Size": 1488,
              "URL": "http://localhost:1080/cgi-bin/nav.pl?in=home"
            },
            {
              "CompressionType": "",
              "DataType": "text/html",
              "DownloadTime": 4391,
              "EventId": 94,
              "HttpStatus": 200,
              "Size": 686,
              "URL": "http://localhost:1080/cgi-bin/welcome.pl?signOff=true"
            }
          ],
          "SSLCipher": "None",
          "SSLVersion": "None"
        }
      ],
      "IncludeInScript": true
    },
    {
      "DomainName": "googleapis.com",
      "Domains": [
        {
          "HTTPVersion": "HTTP/1.1",
          "IP": "74.125.131.95",
          "IncludeInScript": false,
          "Name": "www.googleapis.com",
          "Port": 443,
          "Requests": [
            {
              "CompressionType": "gzip",
              "DataType": "application/json",
              "DownloadTime": 110,
              "EventId": 55,
              "HttpStatus": 200,
              "Size": 387,
              "URL": "https://www.googleapis.com/oauth2/v4/token"
            }
          ],
          "SSLCipher": "TLS_AES_256_GCM_SHA384",
          "SSLVersion": "TLS1.3"
        },
        {
          "HTTPVersion": "HTTP/1.1",
          "IP": "209.85.233.94",
          "IncludeInScript": false,
          "Name": "update.googleapis.com",
          "Port": 443,
          "Requests": [
            {
              "CompressionType": "gzip",
              "DataType": "application/json",
              "DownloadTime": 79,
              "EventId": 118,
              "HttpStatus": 200,
              "Size": 1094,
              "URL": "https://update.googleapis.com/service/update2/json?cup2key=12:6ghpn26CEaNmcnloMmw_L-5MrsLINsNtAbT2Yzo5_wM&cup2hreq=9777763e410fe263ae58a3f7a41eaaa54d419c7049c1c05edfe77fa343664a60"
            },
            {
              "CompressionType": "gzip",
              "DataType": "application/json",
              "DownloadTime": 156,
              "EventId": 62,
              "HttpStatus": 200,
              "Size": 280,
              "URL": "https://update.googleapis.com/service/update2/json?cup2key=12:uccaj1HgiiZP80HhyOE08j7pwLS9Y3CCOzRXRp0zA2g&cup2hreq=dc3ff5e28dc6dcb26a080da9ddf4ee004fe0daf33f30e82b4ecdc72043f1e0be"
            }
          ],
          "SSLCipher": "TLS_AES_256_GCM_SHA384",
          "SSLVersion": "TLS1.3"
        },
        {
          "HTTPVersion": "HTTP/1.1",
          "IP": "64.233.163.94",
          "IncludeInScript": false,
          "Name": "clientservices.googleapis.com",
          "Port": 443,
          "Requests": [
            {
              "CompressionType": "",
              "DataType": "",
              "DownloadTime": 47,
              "EventId": 24,
              "HttpStatus": 304,
              "Size": 0,
              "URL": "https://clientservices.googleapis.com/chrome-variations/seed?osname=win&channel=stable&milestone=108"
            }
          ],
          "SSLCipher": "TLS_AES_256_GCM_SHA384",
          "SSLVersion": "TLS1.3"
        }
      ],
      "IncludeInScript": true
    },
    {
      "DomainName": "google.com",
      "Domains": [
        {
          "HTTPVersion": "HTTP/1.1",
          "IP": "173.194.222.138",
          "IncludeInScript": false,
          "Name": "clients4.google.com",
          "Port": 443,
          "Requests": [
            {
              "CompressionType": "gzip",
              "DataType": "application/vnd.google.octet-stream-compressible",
              "DownloadTime": 281,
              "EventId": 86,
              "HttpStatus": 200,
              "Size": 1875,
              "URL": "https://clients4.google.com/chrome-sync/command/?client=Google+Chrome&client_id=JkiQlNapg5pQdfmW%2Fhv39A%3D%3D"
            },
            {
              "CompressionType": "gzip",
              "DataType": "application/vnd.google.octet-stream-compressible",
              "DownloadTime": 188,
              "EventId": 78,
              "HttpStatus": 200,
              "Size": 262,
              "URL": "https://clients4.google.com/chrome-sync/command/?client=Google+Chrome&client_id=JkiQlNapg5pQdfmW%2Fhv39A%3D%3D"
            }
          ],
          "SSLCipher": "TLS_AES_256_GCM_SHA384",
          "SSLVersion": "TLS1.3"
        },
        {
          "HTTPVersion": "HTTP/1.1",
          "IP": "64.233.165.100",
          "IncludeInScript": false,
          "Name": "clients2.google.com",
          "Port": 443,
          "Requests": [
            {
              "CompressionType": "gzip",
              "DataType": "text/xml",
              "DownloadTime": 110,
              "EventId": 27,
              "HttpStatus": 200,
              "Size": 326,
              "URL": "https://clients2.google.com/service/update2/crx?os=win&arch=x64&os_arch=x86_64&nacl_arch=x86-64&prod=chromecrx&prodchannel=&prodversion=108.0.5359.125&lang=ru&acceptformat=crx3&x=id%3Dbejnpnkhfgfkcpgikiinojlmdcjimobi%26v%3D0.0.0.0%26installedby%3Dexternal%26uc%26ping%3Dr%253D11%2526e%253D1&x=id%3Dddadgcdmddljmpkpinkalnepdepplpkj%26v%3D0.0.0.0%26installedby%3Dexternal%26uc%26ping%3Dr%253D11%2526e%253D1&x=id%3Ddkekdlkmdpipihonapoleopfekmapadh%26v%3D0.0.0.0%26installedby%3Dexternal%26uc%26ping%3Dr%253D11%2526e%253D1"
            }
          ],
          "SSLCipher": "TLS_AES_256_GCM_SHA384",
          "SSLVersion": "TLS1.3"
        },
        {
          "HTTPVersion": "HTTP/1.1",
          "IP": "142.250.150.100",
          "IncludeInScript": false,
          "Name": "android.clients.google.com",
          "Port": 443,
          "Requests": [
            {
              "CompressionType": "gzip",
              "DataType": "text/plain",
              "DownloadTime": 688,
              "EventId": 88,
              "HttpStatus": 200,
              "Size": 167,
              "URL": "https://android.clients.google.com/c2dm/register3"
            },
            {
              "CompressionType": "gzip",
              "DataType": "text/plain",
              "DownloadTime": 531,
              "EventId": 82,
              "HttpStatus": 200,
              "Size": 169,
              "URL": "https://android.clients.google.com/c2dm/register3"
            },
            {
              "CompressionType": "gzip",
              "DataType": "text/plain",
              "DownloadTime": 531,
              "EventId": 74,
              "HttpStatus": 200,
              "Size": 167,
              "URL": "https://android.clients.google.com/c2dm/register3"
            },
            {
              "CompressionType": "gzip",
              "DataType": "application/x-protobuffer",
              "DownloadTime": 156,
              "EventId": 59,
              "HttpStatus": 200,
              "Size": 261,
              "URL": "https://android.clients.google.com/checkin"
            },
            {
              "CompressionType": "gzip",
              "DataType": "text/plain",
              "DownloadTime": 47,
              "EventId": 52,
              "HttpStatus": 200,
              "Size": 157,
              "URL": "https://android.clients.google.com/c2dm/register3"
            }
          ],
          "SSLCipher": "TLS_AES_256_GCM_SHA384",
          "SSLVersion": "TLS1.3"
        }
      ],
      "IncludeInScript": true
    }
  ],
  "WebSocket": {
    "IncludeInScript": false,
    "IsScriptIncludeWebSocket": false
  },
  "NumberOfCorrelations": 1
}