[
    {
        "actionName": "Action",
        "steps": [
            {
                "stepId": "STEP24",
                "stepName": "Url: welcome.pl",
                "infFile": "t2.inf",
                "time": 1673547567651
            },
            {
                "stepId": "STEP25",
                "stepName": "Submit Data: login.pl",
                "infFile": "t3.inf",
                "time": 1673547568184
            },
            {
                "stepId": "STEP26",
                "stepName": "Url: Search Flights Button",
                "infFile": "t4.inf",
                "time": 1673547568735
            },
            {
                "stepId": "STEP27",
                "stepName": "Submit Data: reservations.pl",
                "infFile": "t5.inf",
                "time": 1673547569108
            },
            {
                "stepId": "STEP28",
                "stepName": "Submit Data: reservations.pl_2",
                "infFile": "t6.inf",
                "time": 1673547569449
            },
            {
                "stepId": "STEP29",
                "stepName": "Submit Data: reservations.pl_3",
                "infFile": "t7.inf",
                "time": 1673547569784
            },
            {
                "stepId": "STEP30",
                "stepName": "Url: Itinerary Button",
                "infFile": "t8.inf",
                "time": 1673547570432
            }
        ],
        "transactions": [
            {
                "transactionName": "open_site",
                "rawStartTime": 1673547567095,
                "rawEndTime": 1673547567657,
                "thinkTime": 0.0,
                "wastedTime": 0.03321671485900879
            },
            {
                "transactionName": "login",
                "rawStartTime": 1673547567673,
                "rawEndTime": 1673547568198,
                "thinkTime": 0.0,
                "wastedTime": 0.04049801826477051
            },
            {
                "transactionName": "choose_ticket",
                "rawStartTime": 1673547568214,
                "rawEndTime": 1673547569120,
                "thinkTime": 0.0,
                "wastedTime": 0.06270599365234375
            },
            {
                "transactionName": "choose_time_of_flight",
                "rawStartTime": 1673547569152,
                "rawEndTime": 1673547569464,
                "thinkTime": 0.0,
                "wastedTime": 0.024846792221069337
            },
            {
                "transactionName": "payment",
                "rawStartTime": 1673547569496,
                "rawEndTime": 1673547569792,
                "thinkTime": 0.0,
                "wastedTime": 0.030256986618041993
            },
            {
                "transactionName": "itinerary",
                "rawStartTime": 1673547569823,
                "rawEndTime": 1673547570448,
                "thinkTime": 0.0,
                "wastedTime": 0.035408973693847659
            },
            {
                "transactionName": "UC5_Itinerary",
                "rawStartTime": 1673547567079,
                "rawEndTime": 1673547570464,
                "thinkTime": 0.0,
                "wastedTime": 0.22693347930908204
            }
        ]
    }
]