{"OutputFileHashSum":"167C93C517C7EE2E6CDB7AD7FBA58F952EC653232E4EDCEC6F20F8CBF1AAF0D7","Converted":true,"OutputModifyDate":"2023-01-12T18:19:47.8638579Z","Metadatas":[],"MetadataTypes":[{"CategoryName":"VuGen.Replay","MetadataTypeName":"HP.LR.Vugen.Iteration","Id":1},{"CategoryName":"VuGen.Replay","MetadataTypeName":"HP.LR.Vugen.NotifyTransaction","Id":2},{"CategoryName":"VuGen.Replay","MetadataTypeName":"Utt.Debugger.Error","Id":3},{"CategoryName":"VuGen.Replay","MetadataTypeName":"HP.LR.Vugen.NotifyAny","Id":4}]}