﻿<DataObject comparison="Ordinal">
  <Section id="">
    <Subsections>
      <Section id="General">
        <Subsections />
        <Entries>
          <Entry key="ElapsedTime">
            <double>54.480808599999996</double>
          </Entry>
          <Entry key="StartedAt">
            <dateTime>2023-01-12T21:18:53.9617579+03:00</dateTime>
          </Entry>
          <Entry key="EndedAt">
            <dateTime>2023-01-12T21:19:48.4425665+03:00</dateTime>
          </Entry>
          <Entry key="ReplayStatus">
            <LastReplayRunStatus>Failed</LastReplayRunStatus>
          </Entry>
          <Entry key="NumberOfReplayErrors">
            <int>3</int>
          </Entry>
          <Entry key="NumberOfReplayCriticalErrors">
            <int>3</int>
          </Entry>
          <Entry key="NumberOfCompilationErrors">
            <int>0</int>
          </Entry>
        </Entries>
      </Section>
    </Subsections>
    <Entries>
      <Entry key="Iterations">
        <int>10</int>
      </Entry>
    </Entries>
  </Section>
</DataObject>