[
    {
        "actionName": "Action",
        "steps": [
            {
                "stepId": "STEP17",
                "stepName": "Url: welcome.pl",
                "infFile": "t2.inf",
                "time": 1673547564143
            },
            {
                "stepId": "STEP18",
                "stepName": "Submit Data: login.pl",
                "infFile": "t3.inf",
                "time": 1673547564670
            },
            {
                "stepId": "STEP19",
                "stepName": "Url: Search Flights Button",
                "infFile": "t4.inf",
                "time": 1673547565147
            },
            {
                "stepId": "STEP20",
                "stepName": "Submit Data: reservations.pl",
                "infFile": "t5.inf",
                "time": 1673547565465
            },
            {
                "stepId": "STEP21",
                "stepName": "Submit Data: reservations.pl_2",
                "infFile": "t6.inf",
                "time": 1673547565764
            },
            {
                "stepId": "STEP22",
                "stepName": "Submit Data: reservations.pl_3",
                "infFile": "t7.inf",
                "time": 1673547566098
            },
            {
                "stepId": "STEP23",
                "stepName": "Url: Itinerary Button",
                "infFile": "t8.inf",
                "time": 1673547567005
            }
        ],
        "transactions": [
            {
                "transactionName": "open_site",
                "rawStartTime": 1673547563633,
                "rawEndTime": 1673547564150,
                "thinkTime": 0.0,
                "wastedTime": 0.02921462059020996
            },
            {
                "transactionName": "login",
                "rawStartTime": 1673547564167,
                "rawEndTime": 1673547564682,
                "thinkTime": 0.0,
                "wastedTime": 0.03373146057128906
            },
            {
                "transactionName": "choose_ticket",
                "rawStartTime": 1673547564698,
                "rawEndTime": 1673547565478,
                "thinkTime": 0.0,
                "wastedTime": 0.053009033203125
            },
            {
                "transactionName": "choose_time_of_flight",
                "rawStartTime": 1673547565510,
                "rawEndTime": 1673547565775,
                "thinkTime": 0.0,
                "wastedTime": 0.025233745574951173
            },
            {
                "transactionName": "payment",
                "rawStartTime": 1673547565807,
                "rawEndTime": 1673547566104,
                "thinkTime": 0.0,
                "wastedTime": 0.024233102798461915
            },
            {
                "transactionName": "itinerary",
                "rawStartTime": 1673547566136,
                "rawEndTime": 1673547567016,
                "thinkTime": 0.0,
                "wastedTime": 0.028608322143554689
            },
            {
                "transactionName": "UC5_Itinerary",
                "rawStartTime": 1673547563617,
                "rawEndTime": 1673547567032,
                "thinkTime": 0.0,
                "wastedTime": 0.1940302848815918
            }
        ]
    }
]