[
    {
        "actionName": "Action",
        "steps": [
            {
                "stepId": "STEP1",
                "stepName": "Url: welcome.pl",
                "infFile": "t2.inf",
                "time": 1673547535685
            },
            {
                "stepId": "STEP2",
                "stepName": "Submit Data: login.pl",
                "infFile": "t3.inf",
                "time": 1673547536220
            },
            {
                "stepId": "STEP3",
                "stepName": "Url: Search Flights Button",
                "infFile": "t4.inf",
                "time": 1673547554740
            }
        ],
        "transactions": [
            {
                "transactionName": "open_site",
                "rawStartTime": 1673547534857,
                "rawEndTime": 1673547535697,
                "thinkTime": 0.0,
                "wastedTime": 0.3368699550628662
            },
            {
                "transactionName": "login",
                "rawStartTime": 1673547535713,
                "rawEndTime": 1673547536228,
                "thinkTime": 0.0,
                "wastedTime": 0.018758296966552736
            },
            {
                "transactionName": "choose_ticket",
                "rawStartTime": 1673547536244,
                "rawEndTime": 1673547554744,
                "thinkTime": 0.0,
                "wastedTime": 0.016465187072753907
            },
            {
                "transactionName": "UC5_Itinerary",
                "rawStartTime": 1673547534842,
                "rawEndTime": 1673547554744,
                "thinkTime": 0.0,
                "wastedTime": 0.37209343910217287
            }
        ]
    }
]