[
    {
        "actionName": "Action",
        "steps": [
            {
                "stepId": "STEP52",
                "stepName": "Url: welcome.pl",
                "infFile": "t2.inf",
                "time": 1673547581413
            },
            {
                "stepId": "STEP53",
                "stepName": "Submit Data: login.pl",
                "infFile": "t3.inf",
                "time": 1673547581986
            },
            {
                "stepId": "STEP54",
                "stepName": "Url: Search Flights Button",
                "infFile": "t4.inf",
                "time": 1673547582485
            },
            {
                "stepId": "STEP55",
                "stepName": "Submit Data: reservations.pl",
                "infFile": "t5.inf",
                "time": 1673547582893
            },
            {
                "stepId": "STEP56",
                "stepName": "Submit Data: reservations.pl_2",
                "infFile": "t6.inf",
                "time": 1673547583205
            },
            {
                "stepId": "STEP57",
                "stepName": "Submit Data: reservations.pl_3",
                "infFile": "t7.inf",
                "time": 1673547583547
            },
            {
                "stepId": "STEP58",
                "stepName": "Url: Itinerary Button",
                "infFile": "t8.inf",
                "time": 1673547584272
            }
        ],
        "transactions": [
            {
                "transactionName": "open_site",
                "rawStartTime": 1673547580867,
                "rawEndTime": 1673547581430,
                "thinkTime": 0.0,
                "wastedTime": 0.05707430839538574
            },
            {
                "transactionName": "login",
                "rawStartTime": 1673547581446,
                "rawEndTime": 1673547581993,
                "thinkTime": 0.0,
                "wastedTime": 0.057176828384399417
            },
            {
                "transactionName": "choose_ticket",
                "rawStartTime": 1673547582009,
                "rawEndTime": 1673547582899,
                "thinkTime": 0.0,
                "wastedTime": 0.10105562210083008
            },
            {
                "transactionName": "choose_time_of_flight",
                "rawStartTime": 1673547582931,
                "rawEndTime": 1673547583211,
                "thinkTime": 0.0,
                "wastedTime": 0.047269582748413089
            },
            {
                "transactionName": "payment",
                "rawStartTime": 1673547583243,
                "rawEndTime": 1673547583550,
                "thinkTime": 0.0,
                "wastedTime": 0.04827880859375
            },
            {
                "transactionName": "itinerary",
                "rawStartTime": 1673547583582,
                "rawEndTime": 1673547584284,
                "thinkTime": 0.0,
                "wastedTime": 0.08624768257141113
            },
            {
                "transactionName": "UC5_Itinerary",
                "rawStartTime": 1673547580852,
                "rawEndTime": 1673547584300,
                "thinkTime": 0.0,
                "wastedTime": 0.39710283279418948
            }
        ]
    }
]