[
    {
        "actionName": "Action",
        "steps": [
            {
                "stepId": "STEP59",
                "stepName": "Url: welcome.pl",
                "infFile": "t2.inf",
                "time": 1673547584956
            },
            {
                "stepId": "STEP60",
                "stepName": "Submit Data: login.pl",
                "infFile": "t3.inf",
                "time": 1673547585490
            },
            {
                "stepId": "STEP61",
                "stepName": "Url: Search Flights Button",
                "infFile": "t4.inf",
                "time": 1673547585998
            },
            {
                "stepId": "STEP62",
                "stepName": "Submit Data: reservations.pl",
                "infFile": "t5.inf",
                "time": 1673547586345
            },
            {
                "stepId": "STEP63",
                "stepName": "Submit Data: reservations.pl_2",
                "infFile": "t6.inf",
                "time": 1673547586684
            },
            {
                "stepId": "STEP64",
                "stepName": "Submit Data: reservations.pl_3",
                "infFile": "t7.inf",
                "time": 1673547587049
            },
            {
                "stepId": "STEP65",
                "stepName": "Url: Itinerary Button",
                "infFile": "t8.inf",
                "time": 1673547587756
            }
        ],
        "transactions": [
            {
                "transactionName": "open_site",
                "rawStartTime": 1673547584379,
                "rawEndTime": 1673547584959,
                "thinkTime": 0.0,
                "wastedTime": 0.06440114974975586
            },
            {
                "transactionName": "login",
                "rawStartTime": 1673547584975,
                "rawEndTime": 1673547585503,
                "thinkTime": 0.0,
                "wastedTime": 0.0637049674987793
            },
            {
                "transactionName": "choose_ticket",
                "rawStartTime": 1673547585519,
                "rawEndTime": 1673547586359,
                "thinkTime": 0.0,
                "wastedTime": 0.11722350120544434
            },
            {
                "transactionName": "choose_time_of_flight",
                "rawStartTime": 1673547586391,
                "rawEndTime": 1673547586697,
                "thinkTime": 0.0,
                "wastedTime": 0.056333303451538089
            },
            {
                "transactionName": "payment",
                "rawStartTime": 1673547586729,
                "rawEndTime": 1673547587056,
                "thinkTime": 0.0,
                "wastedTime": 0.05647754669189453
            },
            {
                "transactionName": "itinerary",
                "rawStartTime": 1673547587088,
                "rawEndTime": 1673547587759,
                "thinkTime": 0.0,
                "wastedTime": 0.07242202758789063
            },
            {
                "transactionName": "UC5_Itinerary",
                "rawStartTime": 1673547584363,
                "rawEndTime": 1673547587775,
                "thinkTime": 0.0,
                "wastedTime": 0.43056249618530276
            }
        ]
    }
]